filename,block,shopify_slot,optional,alt_text,alt_characters
"engraved-promotional-pens-wooden-keepsakes-elma-vada-dfw.png","Hero","hero","false","Silver metal pens, wooden keychains and a wooden desk cube engraved with Elma Vada Studio.","90"
"silver-event-pen-batch-elma-vada-dfw.png","Event Pens","examples.item_1","false","Five silver metal pens with gold-tone clips and matching Elma Vada Studio engravings.","85"
"clear-engraved-event-glasses-elma-vada-dfw.png","Personalized Drinkware","examples.item_2","false","Two tall clear glasses with heavy bases and frosted Elma Vada Studio lettering.","79"
"wooden-cube-keychain-keepsakes-elma-vada-dfw.png","Personalized Keepsakes","examples.item_3","false","Wooden cube engraved Elma Vada Studio beside a wooden Thank You keychain with a metal ring.","91"
"engraved-pen-event-pack-gold-ribbon-elma-vada-dfw.png","Event Packs","examples.item_4","false","Engraved silver pen in a black box with gold ribbon, a gift bag and a wooden Welcome keychain.","94"
"event-gift-brief-wooden-keychain-elma-vada-dfw.png","Share the Brief","process.item_1","true","Wooden Elma Vada Studio keychain beside a blank event brief card with four labeled fields.","90"
"promotional-pen-design-options-elma-vada-dfw.png","Review the Direction","process.item_2","true","Tablet showing two lettering options on silver pens beside a matching engraved sample pen.","90"
"event-pen-engraving-approval-layout-elma-vada-dfw.png","Approve the Details","process.item_3","true","Silver engraved pen beside an artwork proof with dimension guides and three approval checkboxes.","96"
"ribboned-event-gift-box-batch-elma-vada-dfw.png","Produce & Prepare","process.item_4","true","Five black boxes with gold bows behind an open box holding an engraved silver pen.","82"
"circular-appreciation-award-elma-vada-dfw.png","Business Solutions","related.item_1","true","Clear round award with Elma Vada Studio and Thank You lettering on a curved wooden base.","88"
"desktop-engraving-machine-display-elma-vada-dfw.png","Production Capabilities","related.item_2","true","Silver desktop laser engraving machine with a vertical column, black lens and perforated metal base.","100"
"wooden-chopstick-case-gift-elma-vada-dfw.png","Our Work","related.item_3","true","Wooden chopsticks engraved Thank You inside a sliding case marked Elma Vada Studio.","83"
