"page","block","filename","alt"
"15-service-awards","Hero","service-recognition-award-holder-keepsake-elma-vada-dfw.png","Clear circular award, engraved wooden desk holder and square keepsake box arranged on a light surface."
"15-service-awards","Years-of-Service Awards","five-ten-fifteen-year-service-awards-elma-vada-dfw.png","Three clear circular awards on wooden bases engraved with 5, 10 and 15 years of service."
"15-service-awards","Staff Appreciation","staff-appreciation-engraved-wood-cube-elma-vada-dfw.png","Wooden cube engraved with You Make a Difference and Thank You on adjacent faces."
"15-service-awards","Professional Recognition","professional-recognition-wooden-desk-holder-elma-vada-dfw.png","Wooden desk holder with an open top and engraved Alex Morgan and Team Lead lettering."
"15-service-awards","Donor & Named Recognition","donor-thank-you-wooden-keepsake-box-elma-vada-dfw.png","Square wooden keepsake box with a laurel wreath and engraved thank-you message on the lid."
"16-employee-recognition","Hero","employee-gifts-pick-box-desk-holder-pen-elma-vada-dfw.png","Wooden guitar-pick case, personalized desk holder and silver-tone pen with a gold-tone clip."
"16-employee-recognition","Work Anniversary Pen","work-anniversary-silver-pen-five-years-elma-vada-dfw.png","Silver-tone pen with a gold-tone clip and Alex 5 Years engraving in an open black presentation box."
"16-employee-recognition","Years-of-Service Award","employee-ten-year-circular-wood-base-award-elma-vada-dfw.png","Clear circular award on a wooden base engraved with Alex Morgan and 10 Years."
"16-employee-recognition","Promotion Gift Set","promotion-desk-holder-keychain-gift-set-elma-vada-dfw.png","Wooden desk holder engraved Team Lead with a personalized keychain beside a black gift box."
"16-employee-recognition","Retirement Keepsake","retirement-engraved-wooden-memory-box-elma-vada-dfw.png","Wooden keepsake box with an open lid engraved Enjoy Your Next Chapter and a botanical flourish."
"17-events-awards","Hero","event-award-chopsticks-musician-gift-display-elma-vada-dfw.png","Circular award on a wooden base, chopsticks in a wooden case and a small engraved guitar-pick case."
"17-events-awards","Recognition Award","event-excellence-award-laurel-engraving-elma-vada-dfw.png","Clear circular award engraved with a laurel wreath, Excellence and 2026 on a dark wooden base."
"17-events-awards","Conference Pen Run","conference-engraved-silver-pen-row-elma-vada-dfw.png","Six silver-tone retractable pens arranged in a row with Elma Vada Studio engraving."
"17-events-awards","Speaker Gift Set","speaker-gift-engraved-chopsticks-case-elma-vada-dfw.png","Wooden chopsticks in an open matching case beside a lid engraved with a speaker thank-you message."
"17-events-awards","Sponsor & VIP Gifts","vip-musician-guitar-pick-keepsake-elma-vada-dfw.png","Wooden guitar-pick case engraved with musical notes and Encore beside a wooden guitar pick."
"18-onboarding","Hero","welcome-kit-wooden-holder-keychain-box-elma-vada-dfw.png","Engraved wooden desk holder and Alex keychain beside an open kraft gift box and welcome card."
"18-onboarding","Welcome Pen Set","welcome-personalized-silver-pen-duo-elma-vada-dfw.png","Two silver-tone pens engraved Welcome Alex held by a cream band in an open presentation box."
"18-onboarding","Desk Keepsake","new-teammate-welcome-wooden-cube-elma-vada-dfw.png","Light wooden cube engraved Welcome to the Team and Alex beside a blank folded card."
"18-onboarding","Role-Specific Gift","office-manager-personalized-desk-organizer-elma-vada-dfw.png","Wooden desk holder engraved Jamie and Office Manager containing a silver pen and two pencils."
"18-onboarding","Coordinated Fulfillment","welcome-kraft-boxes-twine-batch-elma-vada-dfw.png","Five kraft gift boxes tied with twine and cream Welcome tags in staggered rows."
"19-milestone-program","Hero","recognition-program-cube-case-award-calendar-elma-vada-dfw.png","Engraved wooden cube, long wooden gift case and clear 15 Years award beside a calendar card."
"19-milestone-program","Essential Recognition","essential-recognition-named-wood-keychains-elma-vada-dfw.png","Three wooden keychains with bronze-tone rings engraved Alex, Jamie and Morgan with thank-you messages."
"19-milestone-program","Signature Gift Set","signature-chopsticks-keepsake-presentation-elma-vada-dfw.png","Wooden chopsticks case and matching engraved keepsake box presented together in a charcoal gift tray."
"19-milestone-program","Long-Service Award","twenty-five-year-clear-recognition-award-elma-vada-dfw.png","Clear circular award engraved 25 Years and A Lasting Contribution on a crescent-shaped wooden stand."
"19-milestone-program","Planned Fulfillment","scheduled-gift-box-groups-gold-ribbons-elma-vada-dfw.png","Black gift boxes with gold ribbons arranged in three pairs beside Q1, Q2 and Q3 cards."
"20-free-mockup","Hero","wood-cube-digital-mockup-screen-elma-vada-dfw.png","Laptop displaying an Elma Vada Studio engraving mockup beside a matching wooden cube."
"20-free-mockup","Боковое изображение формы","wood-keychain-engraving-proof-sample-elma-vada-dfw.png","Engraved wooden keychain resting on a design preview sheet showing its outline and artwork placement."
"20-free-mockup","Meet With Us Face to Face","sample-review-pen-holder-tabletop-elma-vada-dfw.png","Silver-tone engraved pen, wooden desk holder marked Design Sample and a blank note card on a table."
"21-consultation","Hero","gifting-consultation-chopsticks-pick-box-samples-elma-vada-dfw-v2.png","Wooden chopstick cases, a guitar-pick case and an engraved keepsake box around an open blank notebook."
"21-consultation","Боковое изображение формы","award-consultation-project-planning-sheet-elma-vada-dfw.png","Clear appreciation award on a wooden base beside a project worksheet for occasion, quantity and date."
"21-consultation","Meet With Us Face to Face","consultation-sample-tray-cube-keychain-elma-vada-dfw.png","Wooden thank-you cube, engraved keychain and guitar pick arranged in a charcoal sample tray."
